{
  "id": 11977,
  "eventType": "SURGE_AREA_UPDATES",
  "parameters": "{\"surgeAreas\":[{\"id\":18,\"zipCode\":\"78719\",\"surgeFactor\":1,\"recommendedSurgeFactor\":1.00,\"numberOfRequestedRides\":0,\"numberOfAcceptedRides\":0,\"numberOfEyeballs\":0,\"numberOfCars\":1,\"numberOfAvailableCars\":1,\"automated\":false,\"mandatory\":false,\"carCategories\":[\"REGULAR\",\"SUV\"],\"csvGeometry\":\"-97.673092,30.218506 -97.669230,30.217987 -97.666311,30.216021 -97.666397,30.214315 -97.665710,30.214056 -97.665238,30.213648 -97.663736,30.215243 -97.653823,30.210199 -97.652063,30.207825 -97.652192,30.206935 -97.651849,30.206231 -97.651892,30.205600 -97.651162,30.202299 -97.652106,30.201001 -97.652450,30.196736 -97.651076,30.195586 -97.646828,30.194287 -97.647986,30.193249 -97.647600,30.192767 -97.647772,30.191765 -97.647085,30.189206 -97.646399,30.186609 -97.647257,30.185422 -97.648373,30.185644 -97.648716,30.184865 -97.647986,30.184235 -97.647343,30.183270 -97.647557,30.181712 -97.647471,30.180562 -97.648072,30.178744 -97.649746,30.178077 -97.650948,30.178262 -97.652278,30.177668 -97.653093,30.177780 -97.653823,30.177631 -97.654939,30.176481 -97.656226,30.175702 -97.656312,30.174663 -97.658029,30.175220 -97.659616,30.176741 -97.661633,30.177372 -97.662621,30.178151 -97.664466,30.178114 -97.667212,30.179227 -97.670517,30.173328 -97.681417,30.177743 -97.682962,30.178114 -97.682877,30.175405 -97.677898,30.174441 -97.674336,30.173402 -97.672405,30.171918 -97.672405,30.170471 -97.671719,30.169098 -97.668629,30.168950 -97.664552,30.169247 -97.663779,30.168727 -97.663865,30.167948 -97.660689,30.166278 -97.669058,30.153625 -97.670431,30.152957 -97.670474,30.151139 -97.668543,30.150174 -97.668285,30.148838 -97.668800,30.149024 -97.669230,30.148244 -97.670345,30.145981 -97.672620,30.144274 -97.650690,30.133696 -97.653651,30.132657 -97.656226,30.127758 -97.657557,30.122524 -97.657514,30.119703 -97.657213,30.116770 -97.657084,30.116065 -97.654080,30.115211 -97.649660,30.113169 -97.650003,30.110756 -97.654896,30.103702 -97.656612,30.100769 -97.656097,30.099581 -97.659402,30.096165 -97.658072,30.096128 -97.655368,30.098876 -97.650862,30.103071 -97.651591,30.105856 -97.650948,30.106710 -97.647214,30.108009 -97.636957,30.099136 -97.645926,30.091338 -97.651162,30.095497 -97.655711,30.091375 -97.640433,30.078787 -97.634768,30.084172 -97.633910,30.083392 -97.649360,30.067943 -97.652879,30.070765 -97.657042,30.068500 -97.654767,30.070951 -97.655926,30.071619 -97.659917,30.068537 -97.661762,30.069354 -97.661977,30.071248 -97.661505,30.072771 -97.664380,30.074256 -97.665582,30.077004 -97.668114,30.080235 -97.668414,30.084023 -97.671590,30.086437 -97.672062,30.085917 -97.673049,30.085026 -97.673264,30.084432 -97.673049,30.083800 -97.674036,30.082092 -97.674723,30.081944 -97.674809,30.081795 -97.676525,30.082315 -97.676997,30.082222 -97.678027,30.082241 -97.678134,30.082482 -97.678950,30.082742 -97.680538,30.082463 -97.680752,30.082463 -97.681117,30.082111 -97.682319,30.081776 -97.682512,30.082055 -97.682855,30.081962 -97.683027,30.081758 -97.685130,30.079715 -97.685730,30.079474 -97.686310,30.078564 -97.687211,30.078341 -97.688584,30.077153 -97.688777,30.076837 -97.689486,30.076206 -97.689915,30.075816 -97.692854,30.075612 -97.693498,30.089519 -97.686009,30.096407 -97.688627,30.097706 -97.693176,30.103238 -97.694292,30.101902 -97.694528,30.105354 -97.694056,30.105392 -97.693048,30.106487 -97.694550,30.107118 -97.694936,30.114301 -97.692962,30.116083 -97.691159,30.118905 -97.688262,30.123136 -97.682426,30.132583 -97.678778,30.138280 -97.688327,30.142789 -97.691545,30.141806 -97.696717,30.144162 -97.696910,30.147150 -97.694893,30.148300 -97.696867,30.149989 -97.695515,30.155202 -97.693605,30.161919 -97.688456,30.180006 -97.688026,30.179857 -97.685795,30.181119 -97.682962,30.178967 -97.681932,30.178744 -97.682018,30.182899 -97.681954,30.189688 -97.682276,30.190096 -97.682340,30.194714 -97.683220,30.197199 -97.683263,30.198052 -97.682769,30.202002 -97.682319,30.202726 -97.682469,30.203486 -97.683070,30.203783 -97.682898,30.208994 -97.682426,30.212443 -97.673585,30.218580 -97.673124,30.218497\",\"centerPointLat\":30.1391,\"centerPointLng\":-97.6733,\"topLeftCornerLat\":30.067943,\"topLeftCornerLng\":-97.63391,\"bottomRightCornerLat\":30.21858,\"bottomRightCornerLng\":-97.69691,\"uuid\":\"18\"},{\"id\":18,\"zipCode\":\"78719\",\"surgeFactor\":1,\"recommendedSurgeFactor\":1.00,\"numberOfRequestedRides\":0,\"numberOfAcceptedRides\":0,\"numberOfEyeballs\":0,\"numberOfCars\":1,\"numberOfAvailableCars\":1,\"automated\":false,\"mandatory\":false,\"carCategories\":[\"REGULAR\",\"SUV\"],\"csvGeometry\":\"-97.673092,30.218506 -97.669230,30.217987 -97.666311,30.216021 -97.666397,30.214315 -97.665710,30.214056 -97.665238,30.213648 -97.663736,30.215243 -97.653823,30.210199 -97.652063,30.207825 -97.652192,30.206935 -97.651849,30.206231 -97.651892,30.205600 -97.651162,30.202299 -97.652106,30.201001 -97.652450,30.196736 -97.651076,30.195586 -97.646828,30.194287 -97.647986,30.193249 -97.647600,30.192767 -97.647772,30.191765 -97.647085,30.189206 -97.646399,30.186609 -97.647257,30.185422 -97.648373,30.185644 -97.648716,30.184865 -97.647986,30.184235 -97.647343,30.183270 -97.647557,30.181712 -97.647471,30.180562 -97.648072,30.178744 -97.649746,30.178077 -97.650948,30.178262 -97.652278,30.177668 -97.653093,30.177780 -97.653823,30.177631 -97.654939,30.176481 -97.656226,30.175702 -97.656312,30.174663 -97.658029,30.175220 -97.659616,30.176741 -97.661633,30.177372 -97.662621,30.178151 -97.664466,30.178114 -97.667212,30.179227 -97.670517,30.173328 -97.681417,30.177743 -97.682962,30.178114 -97.682877,30.175405 -97.677898,30.174441 -97.674336,30.173402 -97.672405,30.171918 -97.672405,30.170471 -97.671719,30.169098 -97.668629,30.168950 -97.664552,30.169247 -97.663779,30.168727 -97.663865,30.167948 -97.660689,30.166278 -97.669058,30.153625 -97.670431,30.152957 -97.670474,30.151139 -97.668543,30.150174 -97.668285,30.148838 -97.668800,30.149024 -97.669230,30.148244 -97.670345,30.145981 -97.672620,30.144274 -97.650690,30.133696 -97.653651,30.132657 -97.656226,30.127758 -97.657557,30.122524 -97.657514,30.119703 -97.657213,30.116770 -97.657084,30.116065 -97.654080,30.115211 -97.649660,30.113169 -97.650003,30.110756 -97.654896,30.103702 -97.656612,30.100769 -97.656097,30.099581 -97.659402,30.096165 -97.658072,30.096128 -97.655368,30.098876 -97.650862,30.103071 -97.651591,30.105856 -97.650948,30.106710 -97.647214,30.108009 -97.636957,30.099136 -97.645926,30.091338 -97.651162,30.095497 -97.655711,30.091375 -97.640433,30.078787 -97.634768,30.084172 -97.633910,30.083392 -97.649360,30.067943 -97.652879,30.070765 -97.657042,30.068500 -97.654767,30.070951 -97.655926,30.071619 -97.659917,30.068537 -97.661762,30.069354 -97.661977,30.071248 -97.661505,30.072771 -97.664380,30.074256 -97.665582,30.077004 -97.668114,30.080235 -97.668414,30.084023 -97.671590,30.086437 -97.672062,30.085917 -97.673049,30.085026 -97.673264,30.084432 -97.673049,30.083800 -97.674036,30.082092 -97.674723,30.081944 -97.674809,30.081795 -97.676525,30.082315 -97.676997,30.082222 -97.678027,30.082241 -97.678134,30.082482 -97.678950,30.082742 -97.680538,30.082463 -97.680752,30.082463 -97.681117,30.082111 -97.682319,30.081776 -97.682512,30.082055 -97.682855,30.081962 -97.683027,30.081758 -97.685130,30.079715 -97.685730,30.079474 -97.686310,30.078564 -97.687211,30.078341 -97.688584,30.077153 -97.688777,30.076837 -97.689486,30.076206 -97.689915,30.075816 -97.692854,30.075612 -97.693498,30.089519 -97.686009,30.096407 -97.688627,30.097706 -97.693176,30.103238 -97.694292,30.101902 -97.694528,30.105354 -97.694056,30.105392 -97.693048,30.106487 -97.694550,30.107118 -97.694936,30.114301 -97.692962,30.116083 -97.691159,30.118905 -97.688262,30.123136 -97.682426,30.132583 -97.678778,30.138280 -97.688327,30.142789 -97.691545,30.141806 -97.696717,30.144162 -97.696910,30.147150 -97.694893,30.148300 -97.696867,30.149989 -97.695515,30.155202 -97.693605,30.161919 -97.688456,